"","weights"
"1",4
"2",2
"3",2
"4",2
"5",1
"6",2
"7",1
"8",2
"9",4
"10",1
"11",2
"12",4
"13",3
"14",1
"15",4
"16",1
"17",3
"18",1
"19",2
"20",3
"21",2
"22",1
"23",1
"24",2
"25",4
"26",2
"27",3
"28",1
"29",3
"30",2
"31",4
"32",2
"33",2
"34",1
"35",1
"36",1
"37",1
"38",1
"39",4
"40",3
"41",1
"42",1
"43",3
"44",3
"45",1
"46",2
"47",2
"48",1
"49",1
"50",3
"51",3
"52",1
"53",2
"54",2
"55",4
"56",3
"57",2
"58",1
"59",1
"60",2
"61",4
"62",1
"63",1
"64",4
"65",3
"66",4
"67",4
"68",2
"69",4
"70",2
"71",2
"72",4
"73",3
"74",4
"75",2
"76",2
"77",1
"78",1
"79",3
"80",2
"81",4
"82",1
"83",4
"84",4
"85",2
"86",1
"87",1
"88",3
"89",4
"90",2
"91",2
"92",3
"93",1
"94",2
"95",1
"96",3
"97",2
"98",1
"99",2
"100",4
"101",4
"102",4
"103",2
"104",3
"105",3
"106",4
"107",3
"108",2
"109",1
"110",1
"111",2
"112",4
"113",1
"114",2
"115",2
"116",3
"117",2
"118",3
"119",4
"120",1
"121",3
"122",4
"123",3
"124",3
"125",2
"126",2
"127",3
"128",1
"129",4
"130",3
"131",3
"132",3
"133",1
"134",4
"135",4
"136",1
"137",3
"138",4
"139",4
"140",1
"141",2
"142",3
"143",3
"144",3
"145",3
"146",3
"147",3
"148",3
"149",1
"150",4
"151",1
"152",3
"153",3
"154",3
"155",4
"156",1
"157",2
"158",1
"159",4
"160",4
"161",1
"162",4
"163",4
"164",3
"165",1
"166",2
"167",2
"168",3
"169",3
"170",4
"171",2
"172",2
"173",1
"174",4
"175",1
"176",3
"177",1
"178",4
"179",4
"180",4
"181",4
"182",1
"183",4
"184",3
"185",4
"186",3
"187",2
"188",3
"189",1
"190",2
"191",2
"192",2
"193",2
"194",2
"195",2
"196",3
"197",4
"198",4
"199",1
"200",1
"201",3
"202",1
"203",2
"204",4
"205",4
"206",3
"207",4
"208",2
"209",1
"210",3
"211",1
"212",3
"213",1
"214",1
"215",1
"216",4
"217",3
"218",3
"219",1
"220",4
"221",3
"222",3
"223",2
"224",1
"225",1
"226",3
"227",3
"228",1
"229",1
"230",3
"231",3
"232",4
"233",1
"234",4
"235",4
"236",4
"237",1
"238",4
"239",1
"240",4
"241",3
"242",4
"243",2
"244",1
"245",4
"246",2
"247",3
"248",3
"249",2
"250",3
"251",1
"252",2
"253",1
"254",3
"255",2
"256",2
"257",2
"258",3
"259",4
"260",1
"261",2
"262",3
"263",2
"264",1
"265",1
"266",3
"267",4
"268",4
"269",3
"270",1
"271",3
"272",1
"273",3
"274",1
"275",4
"276",2
"277",1
"278",3
"279",2
"280",1
"281",3
"282",1
"283",2
"284",2
"285",1
"286",2
"287",3
"288",4
"289",4
"290",4
"291",1
"292",1
"293",3
"294",4
"295",1
"296",1
"297",3
"298",2
"299",3
"300",2
"301",3
"302",4
"303",2
"304",2
"305",2
"306",2
"307",4
"308",3
"309",4
"310",1
"311",2
"312",2
"313",2
"314",1
"315",4
"316",2
"317",1
"318",3
"319",2
"320",2
"321",3
"322",3
"323",3
"324",3
"325",3
"326",3
"327",1
"328",2
"329",4
"330",2
"331",4
"332",2
"333",4
"334",3
"335",1
"336",3
"337",1
"338",2
"339",3
"340",1
"341",2
"342",2
"343",2
"344",1
"345",2
"346",2
"347",2
"348",1
"349",1
"350",2
"351",2
"352",4
"353",1
"354",1
"355",2
"356",4
"357",3
"358",3
"359",4
"360",3
"361",2
"362",3
"363",4
"364",3
"365",4
"366",4
"367",1
"368",1
"369",2
"370",4
"371",1
"372",2
"373",2
"374",1
"375",2
"376",3
"377",3
"378",3
"379",3
"380",1
"381",1
"382",2
"383",4
"384",2
"385",2
"386",3
"387",4
"388",4
"389",1
"390",3
"391",3
"392",4
"393",1
"394",4
"395",2
"396",1
"397",2
"398",3
"399",3
"400",2
"401",1
"402",1
"403",1
"404",2
"405",4
"406",4
"407",4
"408",3
"409",2
"410",4
"411",2
"412",1
"413",2
"414",4
"415",1
"416",2
"417",3
"418",4
"419",2
"420",1
"421",4
"422",1
"423",2
"424",2
"425",1
"426",4
"427",3
"428",4
"429",3
"430",3
"431",1
"432",3
"433",2
"434",3
"435",4
"436",1
"437",3
"438",2
"439",3
"440",2
"441",1
"442",4
"443",3
"444",4
"445",4
"446",2
"447",2
"448",3
"449",2
"450",2
"451",2
"452",1
"453",4
"454",2
"455",2
"456",1
"457",3
"458",2
"459",2
"460",2
"461",1
"462",3
"463",2
"464",2
"465",3
"466",2
"467",3
"468",4
"469",2
"470",4
"471",2
"472",3
"473",1
"474",1
"475",2
"476",2
"477",3
"478",3
"479",2
"480",4
"481",4
"482",4
"483",2
"484",2
"485",3
"486",2
"487",4
"488",2
"489",1
"490",1
"491",3
"492",2
"493",2
"494",1
"495",4
"496",3
"497",1
"498",4
"499",3
"500",3
"501",2
"502",3
"503",3
"504",3
"505",3
"506",1
"507",3
"508",2
"509",3
"510",3
"511",2
"512",2
"513",3
"514",1
"515",3
"516",2
"517",2
"518",3
"519",3
"520",2
"521",2
"522",3
"523",1
"524",1
"525",4
"526",2
"527",4
"528",1
"529",2
"530",1
"531",3
"532",4
"533",1
"534",4
"535",3
"536",1
"537",4
"538",2
"539",1
"540",3
"541",3
"542",1
"543",4
"544",4
"545",1
"546",2
"547",1
"548",4
"549",1
"550",3
"551",2
"552",4
"553",3
"554",3
"555",1
"556",3
"557",4
"558",2
"559",3
"560",1
"561",4
"562",3
"563",1
"564",4
"565",1
"566",1
"567",4
"568",4
"569",3
"570",4
"571",3
"572",1
"573",2
"574",2
"575",3
"576",3
"577",1
"578",3
"579",1
"580",4
"581",1
"582",2
"583",4
"584",3
"585",1
"586",3
"587",2
"588",1
"589",1
"590",4
"591",1
"592",1
"593",4
"594",2
"595",2
"596",1
"597",2
"598",2
"599",4
"600",4
"601",3
"602",3
"603",1
"604",2
"605",1
"606",4
"607",2
"608",3
"609",2
"610",2
"611",3
"612",3
"613",1
"614",1
"615",3
"616",1
"617",4
"618",4
"619",3
"620",1
"621",1
"622",3
"623",1
"624",2
"625",4
"626",3
"627",3
"628",2
"629",2
"630",1
"631",4
"632",2
"633",4
"634",4
"635",3
"636",4
"637",1
"638",1
"639",4
"640",1
"641",1
"642",4
"643",2
"644",3
"645",3
"646",4
"647",4
"648",1
"649",4
"650",4
"651",3
"652",2
"653",4
"654",3
"655",4
"656",1
"657",4
"658",3
"659",1
"660",2
"661",4
"662",3
"663",2
"664",2
"665",4
"666",4
"667",1
"668",4
"669",4
"670",3
"671",3
"672",2
"673",3
"674",1
"675",1
"676",3
"677",4
"678",4
"679",3
"680",3
"681",2
"682",4
"683",3
"684",2
"685",3
"686",1
"687",3
"688",4
"689",2
"690",1
"691",2
"692",4
"693",4
"694",1
"695",3
"696",2
"697",2
"698",4
"699",3
"700",3
"701",1
"702",2
"703",4
"704",2
"705",2
"706",3
"707",2
"708",4
"709",1
"710",4
"711",1
"712",4
"713",1
"714",1
"715",3
"716",4
"717",3
"718",3
"719",3
"720",2
"721",3
"722",2
"723",4
"724",1
"725",4
"726",4
"727",3
"728",2
"729",2
"730",1
"731",1
"732",1
"733",2
"734",4
"735",2
"736",4
"737",2
"738",1
"739",4
"740",4
"741",1
"742",1
"743",3
"744",2
"745",1
"746",2
"747",4
"748",2
"749",2
"750",1
"751",1
"752",3
"753",1
"754",2
"755",2
"756",2
"757",3
"758",2
"759",3
"760",4
"761",1
"762",3
"763",1
"764",3
"765",3
"766",2
"767",2
"768",3
"769",4
"770",3
"771",3
"772",3
"773",3
"774",1
"775",4
"776",3
"777",1
"778",4
"779",1
"780",2
"781",3
"782",2
"783",3
"784",1
"785",1
"786",4
"787",2
"788",1
"789",3
"790",3
"791",1
"792",2
"793",4
"794",1
"795",3
"796",3
"797",1
"798",1
"799",3
"800",1
"801",2
"802",2
"803",2
"804",1
"805",4
"806",2
"807",3
"808",1
"809",3
"810",1
"811",4
"812",4
"813",1
"814",3
"815",4
"816",4
"817",3
"818",1
"819",1
"820",1
"821",1
"822",2
"823",4
"824",1
"825",3
"826",4
"827",2
"828",2
"829",2
"830",3
"831",4
"832",1
"833",1
"834",1
"835",2
"836",3
"837",1
"838",3
"839",3
"840",1
"841",1
"842",1
"843",4
"844",1
"845",4
"846",2
"847",4
"848",3
"849",3
"850",4
"851",3
"852",3
"853",3
"854",3
"855",1
"856",4
"857",3
"858",1
"859",3
"860",1
"861",4
"862",4
"863",2
"864",3
"865",2
"866",1
"867",3
"868",2
"869",4
"870",1
"871",3
"872",3
"873",1
"874",4
"875",4
"876",3
"877",3
"878",4
"879",1
"880",2
"881",2
"882",3
"883",3
"884",4
"885",1
"886",2
"887",2
"888",1
"889",2
"890",2
"891",4
"892",1
"893",2
"894",4
"895",2
"896",2
"897",2
"898",4
"899",3
"900",3
"901",1
"902",4
"903",2
"904",3
"905",2
"906",3
"907",4
"908",4
"909",1
"910",2
"911",1
"912",1
"913",3
"914",1
"915",4
"916",3
"917",2
"918",3
"919",1
"920",4
"921",2
"922",2
"923",3
"924",2
"925",1
"926",3
"927",4
"928",2
"929",1
"930",1
"931",2
"932",4
"933",3
"934",2
"935",3
"936",3
"937",1
"938",1
"939",3
"940",3
"941",1
"942",2
"943",3
"944",2
"945",3
"946",3
"947",4
"948",3
"949",3
"950",4
"951",2
"952",1
"953",2
"954",2
"955",2
"956",1
"957",4
"958",1
"959",2
"960",3
"961",1
"962",4
"963",2
"964",4
"965",4
"966",3
"967",1
"968",3
"969",3
"970",4
"971",4
"972",3
"973",4
"974",3
"975",1
"976",4
"977",1
"978",4
"979",2
"980",3
"981",1
"982",4
"983",3
"984",1
"985",3
"986",1
"987",3
"988",1
"989",4
"990",4
"991",1
"992",3
"993",3
"994",4
"995",2
"996",2
"997",3
"998",1
"999",3
"1000",3
"1001",1
"1002",3
"1003",3
"1004",3
"1005",1
"1006",3
"1007",1
"1008",4
"1009",1
"1010",1
"1011",4
"1012",1
"1013",1
"1014",3
"1015",1
"1016",4
"1017",1
"1018",1
"1019",4
"1020",2
"1021",1
"1022",3
"1023",3
"1024",1
"1025",1
"1026",4
"1027",1
"1028",3
"1029",3
"1030",2
"1031",1
"1032",4
"1033",2
"1034",2
"1035",2
"1036",1
"1037",2
"1038",3
"1039",3
"1040",1
"1041",2
"1042",1
"1043",4
"1044",2
"1045",3
"1046",4
"1047",3
"1048",4
"1049",2
"1050",3
"1051",1
"1052",4
"1053",1
"1054",3
"1055",1
"1056",3
"1057",4
"1058",1
"1059",2
"1060",3
"1061",2
"1062",1
"1063",1
"1064",4
"1065",4
"1066",3
"1067",3
"1068",4
"1069",1
"1070",1
"1071",1
"1072",2
"1073",2
"1074",4
"1075",1
"1076",1
"1077",2
"1078",1
"1079",2
"1080",4
"1081",3
"1082",3
"1083",4
"1084",2
"1085",1
"1086",1
"1087",4
"1088",4
"1089",2
"1090",4
"1091",2
"1092",1
"1093",3
"1094",3
"1095",3
"1096",2
"1097",1
"1098",1
"1099",2
"1100",1
"1101",4
"1102",3
"1103",2
"1104",3
"1105",3
"1106",4
"1107",3
"1108",1
"1109",4
"1110",1
"1111",1
"1112",3
"1113",1
"1114",3
"1115",4
"1116",2
"1117",4
"1118",1
"1119",3
"1120",4
"1121",4
"1122",4
"1123",4
"1124",2
"1125",4
"1126",4
"1127",4
"1128",2
"1129",3
"1130",3
"1131",1
"1132",4
"1133",3
"1134",2
"1135",2
"1136",4
"1137",3
"1138",1
"1139",3
"1140",1
"1141",3
"1142",1
"1143",3
"1144",4
"1145",3
"1146",4
"1147",1
"1148",4
"1149",3
"1150",1
"1151",1
"1152",1
"1153",4
"1154",4
"1155",4
"1156",3
"1157",4
"1158",3
"1159",2
"1160",1
"1161",3
"1162",3
"1163",3
"1164",2
"1165",3
"1166",3
"1167",4
"1168",4
"1169",1
"1170",4
"1171",2
"1172",3
"1173",1
"1174",1
"1175",4
"1176",3
"1177",3
"1178",2
"1179",4
"1180",4
"1181",4
"1182",4
"1183",4
"1184",1
"1185",1
"1186",2
"1187",1
"1188",2
"1189",4
"1190",2
"1191",3
"1192",1
"1193",3
"1194",1
"1195",4
"1196",4
"1197",4
"1198",3
"1199",3
"1200",2
"1201",2
"1202",1
"1203",1
"1204",4
"1205",3
"1206",2
"1207",2
"1208",2
"1209",2
"1210",4
"1211",4
"1212",2
"1213",2
"1214",4
"1215",3
"1216",1
"1217",1
"1218",1
"1219",4
"1220",2
"1221",4
"1222",2
"1223",2
"1224",1
"1225",3
"1226",3
"1227",2
"1228",3
"1229",1
"1230",4
"1231",2
"1232",4
"1233",3
"1234",2
"1235",3
"1236",3
"1237",3
"1238",4
"1239",1
"1240",1
"1241",1
"1242",1
"1243",3
"1244",1
"1245",3
"1246",2
"1247",4
"1248",2
"1249",2
"1250",4
"1251",2
"1252",1
"1253",2
"1254",2
"1255",1
"1256",1
"1257",2
"1258",4
"1259",1
"1260",2
"1261",3
"1262",1
"1263",1
"1264",3
"1265",4
"1266",3
"1267",3
"1268",4
"1269",1
"1270",1
"1271",1
"1272",1
"1273",1
"1274",1
"1275",4
"1276",2
"1277",4
"1278",4
"1279",1
"1280",3
"1281",3
"1282",4
"1283",1
"1284",4
"1285",3
"1286",2
"1287",3
"1288",4
"1289",4
"1290",1
"1291",4
"1292",2
"1293",4
"1294",3
"1295",4
"1296",1
"1297",1
"1298",3
"1299",2
"1300",1
"1301",3
"1302",3
"1303",1
"1304",4
"1305",1
"1306",1
"1307",3
"1308",1
"1309",3
"1310",1
"1311",4
"1312",2
"1313",1
"1314",4
"1315",1
"1316",4
"1317",1
"1318",4
"1319",1
"1320",4
"1321",1
"1322",4
"1323",4
"1324",1
"1325",4
"1326",3
"1327",4
"1328",4
"1329",3
"1330",2
"1331",4
"1332",2
"1333",3
"1334",3
"1335",1
"1336",3
"1337",1
"1338",2
"1339",2
"1340",4
"1341",4
"1342",4
"1343",1
"1344",3
"1345",2
"1346",3
"1347",2
"1348",1
"1349",4
"1350",2
"1351",4
"1352",2
"1353",3
"1354",3
"1355",2
"1356",3
"1357",4
"1358",2
"1359",1
"1360",2
"1361",1
"1362",4
"1363",4
"1364",1
"1365",2
"1366",1
"1367",4
"1368",1
"1369",2
"1370",1
"1371",2
"1372",4
"1373",2
"1374",2
"1375",2
"1376",3
"1377",2
"1378",3
"1379",2
"1380",2
"1381",2
"1382",1
"1383",4
"1384",4
"1385",4
"1386",4
"1387",2
"1388",2
"1389",2
"1390",4
"1391",1
"1392",2
"1393",3
"1394",3
"1395",1
"1396",1
"1397",3
"1398",2
"1399",3
"1400",2
"1401",3
"1402",4
"1403",4
"1404",2
"1405",2
"1406",2
"1407",3
"1408",2
"1409",2
"1410",3
"1411",3
"1412",2
"1413",3
"1414",2
"1415",2
"1416",3
"1417",1
"1418",1
"1419",3
"1420",3
"1421",3
"1422",3
"1423",2
"1424",3
"1425",2
"1426",1
"1427",4
"1428",3
"1429",2
"1430",4
"1431",2
"1432",3
"1433",4
"1434",2
"1435",2
"1436",2
"1437",4
"1438",3
"1439",2
"1440",3
"1441",3
"1442",3
"1443",4
"1444",2
"1445",2
"1446",1
"1447",2
"1448",2
"1449",3
"1450",2
"1451",1
"1452",2
"1453",4
"1454",2
"1455",4
"1456",4
"1457",2
"1458",3
"1459",2
"1460",1
"1461",4
"1462",1
"1463",2
"1464",4
"1465",1
"1466",1
"1467",1
"1468",4
"1469",4
"1470",4
"1471",2
"1472",2
"1473",2
"1474",3
"1475",1
"1476",3
"1477",4
"1478",3
"1479",4
"1480",4
"1481",2
"1482",2
"1483",4
"1484",4
"1485",4
"1486",4
"1487",1
"1488",1
"1489",4
"1490",2
"1491",2
"1492",4
"1493",3
"1494",3
"1495",3
"1496",3
"1497",1
"1498",3
"1499",4
"1500",2
"1501",1
"1502",1
"1503",2
"1504",2
"1505",2
"1506",4
"1507",2
"1508",3
"1509",2
"1510",1
"1511",3
"1512",3
"1513",1
"1514",4
"1515",4
"1516",2
"1517",1
"1518",3
"1519",2
"1520",2
"1521",1
"1522",1
"1523",3
"1524",3
"1525",3
"1526",4
"1527",2
"1528",2
"1529",3
"1530",1
"1531",4
"1532",2
"1533",3
"1534",1
"1535",4
"1536",1
"1537",1
"1538",1
"1539",1
"1540",1
"1541",3
"1542",4
"1543",1
"1544",3
"1545",2
"1546",3
"1547",4
"1548",3
"1549",3
"1550",2
"1551",2
"1552",1
"1553",4
"1554",4
"1555",2
"1556",3
"1557",4
"1558",2
"1559",3
"1560",2
"1561",3
"1562",3
"1563",3
"1564",2
"1565",4
"1566",1
"1567",4
"1568",4
"1569",2
"1570",1
"1571",4
"1572",4
"1573",4
"1574",3
"1575",3
"1576",4
"1577",4
"1578",1
"1579",2
"1580",1
"1581",1
"1582",2
"1583",3
"1584",4
"1585",1
"1586",3
"1587",4
"1588",1
"1589",1
"1590",2
"1591",4
"1592",2
"1593",4
"1594",1
"1595",1
"1596",3
"1597",2
"1598",4
"1599",4
"1600",4
"1601",1
"1602",1
"1603",1
"1604",3
"1605",2
"1606",2
"1607",3
"1608",1
"1609",2
"1610",4
"1611",1
"1612",2
"1613",2
"1614",2
"1615",1
"1616",2
"1617",2
"1618",1
"1619",1
"1620",3
"1621",2
"1622",4
"1623",4
"1624",3
"1625",4
"1626",3
"1627",1
"1628",1
"1629",1
"1630",4
"1631",2
"1632",3
"1633",2
"1634",3
"1635",3
"1636",4
"1637",4
"1638",1
"1639",3
"1640",2
"1641",3
"1642",1
"1643",2
"1644",3
"1645",4
"1646",1
"1647",2
"1648",3
"1649",1
"1650",2
"1651",3
"1652",1
"1653",4
"1654",3
"1655",1
"1656",3
"1657",2
"1658",3
"1659",3
"1660",1
"1661",2
"1662",4
"1663",3
"1664",3
"1665",3
"1666",1
"1667",2
"1668",3
"1669",4
"1670",3
"1671",1
"1672",3
"1673",4
"1674",4
"1675",3
"1676",4
"1677",2
"1678",2
"1679",2
"1680",3
"1681",4
"1682",4
"1683",3
"1684",2
"1685",3
"1686",1
"1687",4
"1688",2
"1689",3
"1690",2
"1691",3
"1692",3
"1693",1
"1694",1
"1695",1
"1696",2
"1697",3
"1698",2
"1699",3
"1700",1
"1701",1
"1702",1
"1703",3
"1704",2
"1705",2
"1706",2
"1707",4
"1708",1
"1709",4
"1710",3
"1711",3
"1712",1
"1713",2
"1714",2
"1715",3
"1716",4
"1717",4
"1718",4
"1719",4
"1720",4
"1721",2
"1722",1
"1723",2
"1724",2
"1725",4
"1726",3
"1727",3
"1728",1
"1729",1
"1730",1
"1731",2
"1732",2
"1733",4
"1734",4
"1735",4
"1736",3
"1737",4
"1738",1
"1739",2
"1740",2
"1741",2
"1742",1
"1743",2
"1744",2
"1745",2
"1746",1
"1747",1
"1748",3
"1749",2
"1750",2
"1751",3
"1752",1
"1753",3
"1754",2
"1755",2
"1756",4
"1757",3
"1758",1
"1759",2
"1760",4
"1761",1
"1762",2
"1763",4
"1764",4
"1765",4
"1766",3
"1767",4
"1768",2
"1769",2
"1770",4
"1771",1
"1772",3
"1773",2
"1774",3
"1775",3
"1776",1
"1777",2
"1778",1
"1779",4
"1780",4
"1781",4
"1782",4
"1783",1
"1784",3
"1785",4
"1786",3
"1787",3
"1788",4
"1789",3
"1790",2
"1791",1
"1792",3
"1793",3
"1794",4
"1795",2
"1796",4
"1797",4
"1798",4
"1799",4
"1800",2
"1801",2
"1802",2
"1803",1
"1804",3
"1805",4
"1806",4
"1807",3
"1808",4
"1809",1
"1810",3
"1811",2
"1812",1
"1813",3
"1814",3
"1815",2
"1816",2
"1817",2
"1818",3
"1819",1
"1820",2
"1821",3
"1822",2
"1823",1
"1824",1
"1825",2
"1826",1
"1827",1
"1828",1
"1829",3
"1830",3
"1831",1
"1832",1
"1833",4
"1834",3
"1835",1
"1836",4
"1837",3
"1838",4
"1839",1
"1840",1
"1841",3
"1842",3
"1843",2
"1844",2
"1845",2
"1846",3
"1847",2
"1848",3
"1849",4
"1850",1
"1851",4
"1852",2
"1853",2
"1854",4
"1855",1
"1856",3
"1857",1
"1858",3
"1859",1
"1860",4
"1861",3
"1862",1
"1863",2
"1864",4
"1865",1
"1866",2
"1867",4
"1868",2
"1869",2
"1870",2
"1871",1
"1872",2
"1873",4
"1874",2
"1875",2
"1876",4
"1877",4
"1878",2
"1879",2
"1880",1
"1881",2
"1882",4
"1883",4
"1884",1
"1885",1
"1886",4
"1887",4
"1888",4
"1889",2
"1890",4
"1891",4
"1892",3
"1893",1
"1894",1
"1895",3
"1896",1
"1897",4
"1898",4
"1899",1
"1900",4
"1901",4
"1902",4
"1903",1
"1904",3
"1905",4
"1906",1
"1907",3
"1908",2
"1909",2
"1910",2
"1911",1
"1912",4
"1913",4
"1914",2
"1915",3
"1916",3
"1917",4
"1918",3
"1919",2
"1920",4
"1921",1
"1922",2
"1923",3
"1924",3
"1925",3
"1926",4
"1927",4
"1928",4
"1929",4
"1930",3
"1931",1
"1932",2
"1933",3
"1934",4
"1935",2
"1936",3
"1937",1
"1938",4
"1939",3
"1940",1
"1941",4
"1942",1
"1943",2
"1944",4
"1945",3
"1946",3
"1947",4
"1948",3
"1949",1
"1950",3
"1951",2
"1952",3
"1953",1
"1954",2
"1955",4
"1956",3
"1957",3
"1958",2
"1959",3
"1960",4
"1961",4
"1962",4
"1963",1
"1964",2
"1965",2
"1966",2
"1967",3
"1968",4
"1969",4
"1970",1
"1971",1
"1972",3
"1973",3
"1974",1
"1975",4
"1976",3
"1977",3
"1978",1
"1979",4
"1980",1
"1981",3
"1982",2
"1983",4
"1984",1
"1985",2
"1986",1
"1987",1
"1988",2
"1989",2
"1990",3
"1991",2
"1992",1
"1993",3
"1994",3
"1995",3
"1996",3
"1997",4
"1998",2
"1999",2
"2000",1
"2001",2
"2002",1
"2003",1
"2004",1
"2005",1
"2006",1
"2007",2
"2008",1
"2009",1
"2010",2
"2011",2
"2012",2
"2013",3
"2014",2
"2015",2
"2016",4
"2017",2
"2018",2
"2019",2
"2020",2
"2021",1
"2022",4
"2023",2
"2024",1
"2025",3
"2026",2
"2027",1
"2028",2
"2029",1
"2030",3
"2031",4
"2032",3
"2033",2
"2034",2
"2035",3
"2036",2
"2037",1
"2038",4
"2039",4
"2040",1
"2041",2
"2042",4
"2043",2
"2044",3
"2045",3
"2046",4
"2047",2
"2048",2
"2049",2
"2050",1
"2051",2
"2052",1
"2053",3
"2054",2
"2055",3
"2056",1
"2057",1
"2058",4
"2059",3
"2060",4
"2061",1
"2062",2
"2063",4
"2064",2
"2065",3
"2066",4
"2067",4
"2068",3
"2069",3
"2070",2
"2071",3
"2072",4
"2073",4
"2074",4
"2075",3
"2076",1
"2077",3
"2078",3
"2079",4
"2080",3
"2081",2
"2082",2
"2083",3
"2084",3
"2085",1
"2086",1
"2087",2
"2088",3
"2089",3
"2090",1
"2091",1
"2092",4
"2093",3
"2094",1
"2095",4
"2096",2
"2097",2
"2098",3
"2099",4
"2100",3
"2101",3
"2102",3
"2103",2
"2104",1
"2105",2
"2106",3
"2107",3
"2108",3
"2109",1
"2110",3
"2111",4
"2112",4
"2113",1
"2114",1
"2115",3
"2116",2
"2117",3
"2118",1
"2119",4
"2120",1
"2121",1
"2122",1
"2123",4
"2124",1
"2125",4
"2126",4
"2127",1
"2128",2
"2129",4
"2130",3
"2131",2
"2132",4
"2133",2
"2134",2
"2135",1
"2136",4
"2137",1
"2138",2
"2139",4
"2140",3
"2141",1
"2142",4
"2143",3
"2144",2
"2145",1
"2146",2
"2147",2
"2148",1
"2149",2
"2150",2
"2151",4
"2152",1
"2153",4
"2154",4
"2155",4
"2156",1
"2157",1
"2158",2
"2159",3
"2160",3
"2161",1
"2162",1
"2163",4
"2164",3
"2165",2
"2166",2
"2167",3
"2168",2
"2169",1
"2170",2
"2171",4
"2172",3
"2173",3
"2174",2
"2175",2
"2176",4
"2177",1
"2178",3
"2179",1
"2180",1
"2181",1
"2182",2
"2183",4
"2184",4
"2185",2
"2186",2
"2187",3
"2188",4
"2189",3
"2190",1
"2191",4
"2192",3
"2193",4
"2194",1
"2195",3
"2196",3
"2197",1
"2198",4
"2199",2
"2200",3
"2201",1
"2202",2
"2203",3
"2204",2
"2205",1
"2206",2
"2207",4
"2208",3
"2209",2
"2210",2
"2211",1
"2212",2
"2213",4
"2214",4
"2215",1
"2216",1
"2217",1
"2218",3
"2219",3
"2220",3
"2221",2
"2222",1
"2223",4
"2224",4
"2225",3
"2226",3
"2227",1
"2228",1
"2229",3
"2230",2
"2231",3
"2232",1
"2233",3
"2234",1
"2235",4
"2236",3
"2237",2
"2238",1
"2239",1
"2240",3
"2241",3
"2242",1
"2243",2
"2244",4
"2245",3
"2246",4
"2247",1
"2248",4
"2249",2
"2250",1
"2251",3
"2252",2
"2253",2
"2254",4
"2255",2
"2256",1
"2257",4
"2258",4
"2259",2
"2260",4
"2261",4
"2262",4
"2263",1
"2264",4
"2265",2
"2266",2
"2267",2
"2268",2
"2269",4
"2270",4
"2271",1
"2272",3
"2273",4
"2274",3
"2275",4
"2276",1
"2277",1
"2278",1
"2279",3
"2280",4
"2281",1
"2282",3
"2283",2
"2284",2
"2285",4
"2286",4
"2287",3
"2288",1
"2289",2
"2290",1
"2291",4
"2292",3
"2293",4
"2294",4
"2295",3
"2296",1
"2297",3
"2298",3
"2299",2
"2300",3
"2301",2
"2302",3
"2303",2
"2304",4
"2305",1
"2306",4
"2307",2
"2308",4
"2309",2
"2310",4
"2311",2
"2312",2
"2313",4
"2314",3
"2315",1
"2316",4
"2317",3
"2318",2
"2319",2
"2320",3
"2321",4
"2322",3
"2323",2
"2324",3
"2325",2
"2326",3
"2327",2
"2328",2
"2329",2
"2330",2
"2331",1
"2332",4
"2333",3
"2334",2
"2335",2
"2336",4
"2337",1
"2338",2
"2339",4
"2340",4
"2341",1
"2342",1
"2343",4
"2344",4
"2345",1
"2346",3
"2347",2
"2348",3
"2349",3
"2350",1
"2351",2
"2352",1
"2353",4
"2354",2
"2355",1
"2356",2
"2357",1
"2358",4
"2359",2
"2360",4
"2361",4
"2362",3
"2363",3
"2364",2
"2365",2
"2366",2
"2367",2
"2368",3
"2369",4
"2370",2
"2371",2
"2372",4
"2373",1
"2374",4
"2375",1
"2376",1
"2377",2
"2378",3
"2379",2
"2380",4
"2381",2
"2382",3
"2383",1
"2384",2
"2385",3
"2386",4
"2387",2
"2388",3
"2389",3
"2390",2
"2391",3
"2392",2
"2393",4
"2394",3
"2395",2
"2396",2
"2397",1
"2398",2
"2399",4
"2400",4
"2401",4
"2402",1
"2403",4
"2404",2
"2405",1
"2406",4
"2407",4
"2408",3
"2409",3
"2410",4
"2411",1
"2412",4
"2413",1
"2414",4
"2415",4
"2416",1
"2417",1
"2418",4
"2419",4
"2420",2
"2421",3
"2422",4
"2423",3
"2424",3
"2425",1
"2426",1
"2427",2
"2428",1
"2429",1
"2430",1
"2431",3
"2432",2
"2433",4
"2434",3
"2435",4
"2436",3
"2437",3
"2438",1
"2439",1
"2440",3
"2441",4
"2442",3
"2443",3
"2444",2
"2445",4
"2446",2
"2447",1
"2448",3
"2449",3
"2450",1
"2451",3
"2452",3
"2453",2
"2454",4
"2455",3
"2456",4
"2457",1
"2458",2
"2459",2
"2460",2
"2461",3
"2462",2
"2463",2
"2464",2
"2465",2
"2466",2
"2467",4
"2468",2
"2469",2
"2470",3
"2471",1
"2472",1
"2473",2
"2474",3
"2475",4
"2476",3
"2477",4
"2478",3
"2479",2
"2480",3
"2481",1
"2482",4
"2483",3
"2484",4
"2485",1
"2486",4
"2487",2
"2488",2
"2489",1
"2490",1
"2491",1
"2492",1
"2493",2
"2494",3
"2495",1
"2496",3
"2497",2
"2498",3
"2499",4
"2500",2
"2501",3
"2502",2
"2503",4
"2504",3
"2505",1
"2506",3
"2507",1
"2508",4
"2509",3
"2510",2
"2511",3
"2512",2
"2513",4
"2514",4
"2515",2
"2516",1
"2517",2
"2518",4
"2519",1
"2520",4
"2521",2
"2522",1
"2523",1
"2524",4
"2525",1
"2526",2
"2527",3
"2528",1
"2529",3
"2530",1
"2531",4
"2532",2
"2533",4
"2534",3
"2535",4
"2536",4
"2537",2
"2538",4
"2539",4
"2540",4
"2541",3
"2542",3
"2543",4
"2544",4
"2545",3
"2546",1
"2547",1
"2548",1
"2549",2
"2550",3
"2551",1
"2552",1
"2553",2
"2554",3
"2555",4
"2556",2
"2557",4
"2558",4
"2559",2
"2560",1
"2561",3
"2562",4
"2563",3
"2564",1
"2565",4
"2566",2
"2567",2
"2568",4
"2569",2
"2570",2
"2571",3
"2572",1
"2573",2
"2574",3
"2575",2
"2576",4
"2577",4
"2578",1
"2579",1
"2580",2
"2581",3
"2582",2
"2583",2
"2584",4
"2585",3
"2586",4
"2587",1
"2588",2
"2589",2
"2590",3
"2591",2
"2592",2
"2593",2
"2594",2
"2595",2
"2596",1
"2597",1
"2598",4
"2599",1
"2600",2
"2601",3
"2602",4
"2603",3
"2604",2
"2605",2
"2606",1
"2607",3
"2608",3
"2609",3
"2610",2
"2611",2
"2612",1
"2613",4
"2614",4
"2615",3
"2616",3
"2617",4
"2618",3
"2619",2
"2620",1
"2621",1
"2622",2
"2623",3
"2624",1
"2625",4
"2626",4
"2627",1
"2628",4
"2629",4
"2630",1
"2631",2
"2632",1
"2633",4
"2634",1
"2635",2
"2636",1
"2637",1
"2638",2
"2639",3
"2640",3
"2641",2
"2642",1
"2643",3
"2644",4
"2645",4
"2646",2
"2647",2
"2648",3
"2649",3
"2650",2
"2651",3
"2652",4
"2653",3
"2654",1
"2655",4
"2656",4
"2657",4
"2658",3
"2659",4
"2660",3
"2661",2
"2662",1
"2663",2
"2664",3
"2665",3
"2666",4
"2667",4
"2668",1
"2669",1
"2670",3
"2671",2
"2672",2
"2673",2
"2674",1
"2675",1
"2676",4
"2677",3
"2678",4
"2679",4
"2680",1
"2681",3
"2682",4
"2683",1
"2684",4
"2685",4
"2686",1
"2687",3
"2688",1
"2689",4
"2690",1
"2691",1
"2692",1
"2693",3
"2694",3
"2695",2
"2696",1
"2697",1
"2698",4
"2699",1
"2700",2
"2701",1
"2702",1
"2703",4
"2704",3
"2705",4
"2706",2
"2707",4
"2708",4
"2709",2
"2710",4
"2711",4
"2712",2
"2713",1
"2714",2
"2715",2
"2716",3
"2717",1
"2718",3
"2719",1
"2720",3
"2721",4
"2722",3
"2723",4
"2724",2
"2725",2
"2726",4
"2727",1
"2728",3
"2729",4
"2730",4
"2731",4
"2732",4
"2733",3
"2734",4
"2735",4
"2736",2
"2737",1
"2738",1
"2739",3
"2740",3
"2741",3
"2742",2
"2743",3
"2744",1
"2745",4
"2746",2
"2747",2
"2748",3
"2749",3
"2750",3
"2751",3
"2752",3
"2753",2
"2754",1
"2755",1
"2756",1
"2757",4
"2758",3
"2759",1
"2760",1
"2761",3
"2762",1
"2763",1
"2764",1
"2765",3
"2766",1
"2767",3
"2768",2
"2769",4
"2770",4
"2771",1
"2772",2
"2773",4
"2774",1
"2775",2
"2776",3
"2777",4
"2778",3
"2779",1
"2780",3
"2781",4
"2782",1
"2783",2
"2784",2
"2785",4
"2786",3
"2787",4
"2788",4
"2789",2
"2790",2
"2791",2
"2792",3
"2793",3
"2794",1
"2795",3
"2796",2
"2797",1
"2798",1
"2799",4
"2800",2
"2801",1
"2802",3
"2803",2
"2804",2
"2805",4
"2806",1
"2807",1
"2808",4
"2809",4
"2810",4
"2811",1
"2812",2
"2813",2
"2814",3
"2815",4
"2816",2
"2817",4
"2818",4
"2819",4
"2820",3
"2821",3
"2822",2
"2823",3
"2824",2
"2825",2
"2826",3
"2827",2
"2828",3
"2829",2
"2830",4
"2831",3
"2832",4
"2833",1
"2834",3
"2835",4
"2836",1
"2837",3
"2838",4
"2839",2
"2840",4
"2841",3
"2842",1
"2843",3
"2844",2
"2845",2
"2846",4
"2847",4
"2848",1
"2849",3
"2850",4
"2851",2
"2852",1
"2853",2
"2854",1
"2855",2
"2856",3
"2857",3
"2858",4
"2859",3
"2860",3
"2861",3
"2862",1
"2863",3
"2864",1
"2865",3
"2866",1
"2867",4
"2868",3
"2869",1
"2870",1
"2871",4
"2872",2
"2873",4
"2874",1
"2875",1
"2876",4
"2877",2
"2878",3
"2879",3
"2880",4
"2881",2
"2882",3
"2883",4
"2884",1
"2885",2
"2886",3
"2887",4
"2888",4
"2889",4
"2890",3
"2891",3
"2892",2
"2893",2
"2894",4
"2895",2
"2896",2
"2897",1
"2898",2
"2899",3
"2900",4
"2901",1
"2902",1
"2903",3
"2904",1
"2905",2
"2906",4
"2907",1
"2908",1
"2909",4
"2910",3
"2911",3
"2912",2
"2913",3
"2914",3
"2915",1
"2916",3
"2917",2
"2918",2
"2919",2
"2920",1
"2921",1
"2922",3
"2923",1
"2924",4
"2925",1
"2926",1
"2927",4
"2928",3
"2929",3
"2930",3
"2931",2
"2932",4
"2933",1
"2934",3
"2935",4
"2936",1
"2937",2
"2938",3
"2939",1
"2940",4
"2941",1
"2942",1
"2943",3
"2944",3
"2945",4
"2946",4
"2947",3
"2948",2
"2949",3
"2950",4
"2951",3
"2952",1
"2953",3
"2954",2
"2955",3
"2956",3
"2957",3
"2958",3
"2959",2
"2960",2
"2961",1
"2962",4
"2963",4
"2964",3
"2965",1
"2966",4
"2967",2
"2968",4
"2969",1
"2970",4
"2971",1
"2972",2
"2973",2
"2974",4
"2975",4
"2976",1
"2977",1
"2978",4
"2979",2
"2980",2
"2981",4
"2982",4
"2983",2
"2984",3
"2985",2
"2986",4
"2987",2
"2988",3
"2989",3
"2990",3
"2991",3
"2992",1
"2993",2
"2994",2
"2995",4
"2996",1
"2997",2
"2998",3
"2999",1
"3000",3
"3001",2
"3002",3
"3003",3
"3004",3
"3005",1
"3006",2
"3007",3
"3008",3
"3009",2
"3010",2
"3011",2
"3012",3
"3013",2
"3014",1
"3015",4
"3016",2
"3017",1
"3018",2
"3019",2
"3020",1
"3021",1
"3022",3
"3023",2
"3024",2
"3025",3
"3026",4
"3027",2
"3028",4
"3029",3
"3030",3
"3031",2
"3032",1
"3033",1
"3034",2
"3035",2
"3036",1
"3037",1
"3038",3
"3039",4
"3040",3
"3041",1
"3042",2
"3043",4
"3044",1
"3045",4
"3046",2
"3047",1
"3048",3
"3049",4
"3050",2
"3051",2
"3052",4
"3053",3
"3054",2
"3055",1
"3056",2
"3057",4
"3058",2
"3059",2
"3060",2
"3061",1
"3062",4
"3063",4
"3064",1
"3065",2
"3066",2
"3067",4
"3068",4
"3069",1
"3070",4
"3071",3
"3072",4
"3073",1
"3074",1
"3075",2
"3076",4
"3077",3
"3078",3
"3079",4
"3080",2
"3081",4
"3082",1
"3083",3
"3084",2
"3085",2
"3086",3
"3087",3
"3088",1
"3089",1
"3090",2
"3091",4
"3092",2
"3093",1
"3094",1
"3095",2
"3096",2
"3097",3
"3098",4
"3099",1
"3100",4
"3101",4
"3102",2
"3103",1
"3104",3
"3105",1
"3106",1
"3107",4
"3108",3
"3109",3
"3110",4
"3111",4
"3112",4
"3113",3
"3114",3
"3115",1
"3116",4
"3117",4
"3118",4
"3119",1
"3120",1
"3121",4
"3122",3
"3123",2
"3124",2
"3125",3
"3126",2
"3127",1
"3128",1
"3129",2
"3130",1
"3131",3
"3132",2
"3133",2
"3134",2
"3135",2
"3136",3
"3137",2
"3138",1
"3139",2
"3140",3
"3141",4
"3142",3
"3143",1
"3144",2
"3145",4
"3146",1
"3147",4
"3148",4
"3149",4
"3150",3
"3151",4
"3152",4
"3153",1
"3154",4
"3155",2
"3156",3
"3157",4
"3158",1
"3159",4
"3160",2
"3161",2
"3162",1
"3163",1
"3164",3
"3165",3
"3166",2
"3167",1
"3168",1
"3169",4
"3170",4
"3171",2
"3172",2
"3173",1
"3174",1
"3175",3
"3176",1
"3177",1
"3178",3
"3179",2
"3180",2
"3181",3
"3182",4
"3183",1
"3184",3
"3185",3
"3186",4
"3187",4
"3188",2
"3189",4
"3190",2
"3191",4
"3192",1
"3193",3
"3194",3
"3195",3
"3196",3
"3197",1
"3198",2
"3199",2
"3200",1
"3201",1
"3202",1
"3203",3
"3204",4
"3205",1
"3206",1
"3207",3
"3208",1
"3209",4
"3210",1
"3211",2
"3212",4
"3213",4
"3214",1
"3215",4
"3216",3
"3217",3
"3218",3
"3219",4
"3220",3
"3221",2
"3222",1
"3223",3
"3224",4
"3225",1
"3226",4
"3227",1
"3228",4
"3229",1
"3230",4
"3231",1
"3232",2
"3233",3
"3234",3
"3235",2
"3236",1
"3237",1
"3238",3
"3239",4
"3240",2
"3241",2
"3242",4
"3243",1
"3244",3
"3245",1
"3246",2
"3247",4
"3248",4
"3249",1
"3250",3
"3251",4
"3252",4
"3253",2
"3254",1
"3255",4
"3256",1
"3257",2
"3258",3
"3259",1
"3260",1
"3261",4
"3262",4
"3263",4
"3264",3
"3265",4
"3266",2
"3267",2
"3268",2
"3269",1
"3270",2
"3271",3
"3272",3
"3273",3
"3274",3
"3275",1
"3276",1
"3277",4
"3278",2
"3279",2
"3280",3
"3281",2
"3282",2
"3283",2
"3284",4
"3285",3
"3286",4
"3287",1
"3288",2
"3289",2
"3290",2
"3291",3
"3292",2
"3293",2
"3294",3
"3295",2
"3296",4
"3297",1
"3298",3
"3299",3
"3300",4
"3301",3
"3302",3
"3303",2
"3304",2
"3305",3
"3306",4
"3307",3
"3308",3
"3309",4
"3310",1
"3311",1
"3312",4
"3313",2
"3314",4
"3315",3
"3316",3
"3317",3
"3318",2
"3319",1
"3320",4
"3321",3
"3322",4
"3323",2
"3324",1
"3325",3
"3326",2
"3327",2
"3328",3
"3329",4
"3330",1
"3331",2
"3332",3
"3333",3
"3334",2
"3335",1
"3336",3
"3337",4
"3338",2
"3339",3
"3340",2
"3341",4
"3342",1
"3343",1
"3344",1
"3345",3
"3346",3
"3347",2
"3348",2
"3349",4
"3350",3
"3351",1
"3352",3
"3353",4
"3354",1
"3355",1
"3356",2
"3357",1
"3358",1
"3359",2
"3360",3
"3361",1
"3362",2
"3363",1
"3364",1
"3365",2
"3366",4
"3367",2
"3368",4
"3369",4
"3370",4
"3371",1
"3372",1
"3373",3
"3374",1
"3375",1
"3376",3
"3377",3
"3378",2
"3379",4
"3380",2
"3381",2
"3382",2
"3383",4
"3384",3
"3385",4
"3386",4
"3387",1
"3388",4
"3389",4
"3390",3
"3391",2
"3392",4
"3393",4
"3394",3
"3395",1
"3396",2
"3397",1
"3398",1
"3399",3
"3400",1
"3401",3
"3402",3
"3403",1
"3404",3
"3405",3
"3406",3
"3407",4
"3408",4
"3409",2
"3410",3
"3411",3
"3412",2
"3413",1
"3414",3
"3415",1
"3416",4
"3417",3
"3418",3
"3419",3
"3420",2
"3421",3
"3422",1
"3423",4
"3424",2
"3425",4
"3426",4
"3427",2
"3428",3
"3429",2
"3430",2
"3431",1
"3432",1
"3433",3
"3434",1
"3435",4
"3436",4
"3437",4
"3438",4
"3439",3
"3440",1
"3441",4
"3442",1
"3443",3
"3444",3
"3445",3
"3446",3
"3447",3
"3448",4
"3449",3
"3450",4
"3451",2
"3452",2
"3453",4
"3454",2
"3455",4
"3456",4
"3457",2
"3458",3
"3459",4
"3460",3
"3461",2
"3462",2
"3463",4
"3464",1
"3465",2
"3466",1
"3467",3
"3468",2
"3469",4
"3470",4
"3471",4
"3472",3
"3473",3
"3474",4
"3475",1
"3476",4
"3477",2
"3478",1
"3479",4
"3480",2
"3481",3
"3482",2
"3483",4
"3484",2
"3485",3
"3486",2
"3487",4
"3488",2
"3489",2
"3490",4
"3491",1
"3492",2
"3493",3
"3494",2
"3495",4
"3496",2
"3497",1
"3498",2
"3499",4
"3500",4
"3501",1
"3502",2
"3503",3
"3504",2
"3505",2
"3506",1
"3507",2
"3508",1
"3509",1
"3510",4
"3511",4
"3512",3
"3513",3
"3514",1
"3515",3
"3516",3
"3517",3
"3518",1
"3519",2
"3520",2
"3521",2
"3522",3
"3523",1
"3524",4
"3525",1
"3526",4
"3527",1
"3528",1
"3529",1
"3530",3
"3531",3
"3532",1
"3533",4
"3534",3
"3535",1
"3536",3
"3537",1
"3538",4
"3539",4
"3540",2
"3541",1
"3542",1
"3543",3
"3544",2
"3545",1
"3546",1
"3547",1
"3548",3
"3549",4
"3550",1
"3551",1
"3552",1
"3553",4
"3554",4
"3555",4
"3556",3
"3557",2
"3558",3
"3559",1
"3560",4
"3561",4
"3562",2
"3563",1
"3564",4
"3565",1
"3566",2
"3567",3
"3568",2
"3569",4
"3570",2
"3571",4
"3572",4
"3573",4
"3574",3
"3575",4
"3576",2
"3577",2
"3578",1
"3579",2
"3580",4
"3581",2
"3582",4
"3583",2
"3584",2
"3585",1
"3586",4
"3587",4
"3588",2
"3589",3
"3590",2
"3591",1
"3592",2
"3593",3
"3594",1
"3595",3
"3596",4
"3597",4
"3598",1
"3599",1
"3600",3
"3601",3
"3602",4
"3603",3
"3604",3
"3605",2
"3606",2
"3607",4
"3608",2
"3609",1
"3610",2
"3611",3
"3612",3
"3613",3
"3614",3
"3615",4
"3616",3
"3617",4
"3618",4
"3619",2
"3620",2
"3621",1
"3622",1
"3623",1
"3624",1
"3625",2
"3626",4
"3627",3
"3628",3
"3629",3
"3630",2
"3631",3
"3632",1
"3633",4
"3634",2
"3635",2
"3636",3
"3637",2
"3638",1
"3639",1
"3640",3
"3641",2
"3642",4
"3643",2
"3644",2
"3645",3
"3646",3
"3647",1
"3648",1
"3649",2
"3650",4
"3651",4
"3652",4
"3653",1
"3654",3
"3655",1
"3656",4
"3657",2
"3658",1
"3659",3
"3660",2
"3661",4
"3662",1
"3663",4
"3664",2
"3665",1
"3666",2
"3667",4
"3668",1
"3669",2
"3670",1
"3671",1
"3672",1
"3673",3
"3674",3
"3675",1
"3676",1
"3677",2
"3678",4
"3679",4
"3680",3
"3681",2
"3682",3
"3683",2
"3684",3
"3685",4
"3686",2
"3687",4
"3688",3
"3689",4
"3690",2
"3691",2
"3692",1
"3693",1
"3694",3
"3695",3
"3696",1
"3697",1
"3698",2
"3699",4
"3700",1
"3701",1
"3702",1
"3703",1
"3704",3
"3705",4
"3706",2
"3707",4
"3708",2
"3709",4
"3710",4
"3711",2
"3712",4
"3713",2
"3714",2
"3715",1
"3716",1
"3717",2
"3718",3
"3719",2
"3720",2
"3721",4
"3722",2
"3723",4
"3724",2
"3725",2
"3726",3
"3727",2
"3728",3
"3729",3
"3730",3
"3731",1
"3732",2
"3733",2
"3734",4
"3735",1
"3736",1
"3737",4
"3738",2
"3739",1
"3740",3
"3741",3
"3742",3
"3743",2
"3744",4
"3745",3
"3746",4
"3747",4
"3748",3
"3749",1
"3750",2
"3751",1
"3752",4
"3753",3
"3754",1
"3755",4
"3756",3
"3757",2
"3758",2
"3759",3
"3760",2
"3761",1
"3762",4
"3763",3
"3764",2
"3765",4
"3766",3
"3767",3
"3768",1
"3769",3
"3770",2
"3771",4
"3772",2
"3773",1
"3774",2
"3775",3
"3776",3
"3777",3
"3778",3
"3779",4
"3780",1
"3781",4
"3782",1
"3783",2
"3784",1
"3785",1
"3786",2
"3787",3
"3788",1
"3789",2
"3790",4
"3791",2
"3792",3
"3793",2
"3794",2
"3795",3
"3796",3
"3797",3
"3798",4
"3799",2
"3800",4
"3801",1
"3802",2
"3803",4
"3804",1
"3805",4
"3806",4
"3807",4
"3808",3
"3809",4
"3810",1
"3811",1
"3812",4
"3813",3
"3814",2
"3815",3
"3816",1
"3817",3
"3818",1
"3819",1
"3820",3
"3821",4
"3822",1
"3823",4
"3824",4
"3825",4
"3826",1
"3827",4
"3828",3
"3829",3
"3830",4
"3831",1
"3832",3
"3833",2
"3834",4
"3835",4
"3836",1
"3837",4
"3838",2
"3839",2
"3840",4
"3841",2
"3842",2
"3843",1
"3844",2
"3845",2
"3846",4
"3847",1
"3848",3
"3849",1
"3850",3
"3851",1
"3852",1
"3853",3
"3854",1
"3855",1
"3856",3
"3857",1
"3858",2
"3859",4
"3860",4
"3861",3
"3862",1
"3863",2
"3864",3
"3865",2
"3866",1
"3867",4
"3868",4
"3869",2
"3870",4
"3871",3
"3872",2
"3873",4
"3874",3
"3875",3
"3876",4
"3877",4
"3878",4
"3879",4
"3880",4
"3881",3
"3882",2
"3883",2
"3884",3
"3885",3
"3886",4
"3887",3
"3888",4
"3889",4
"3890",4
"3891",3
"3892",4
"3893",3
"3894",2
"3895",3
"3896",4
"3897",2
"3898",2
"3899",2
"3900",3
"3901",2
"3902",3
"3903",3
"3904",3
"3905",1
"3906",1
"3907",3
"3908",3
"3909",4
"3910",2
"3911",4
"3912",4
"3913",4
"3914",3
"3915",2
"3916",3
"3917",3
"3918",4
"3919",3
"3920",3
"3921",3
"3922",3
"3923",4
"3924",3
"3925",3
"3926",1
"3927",1
"3928",3
"3929",2
"3930",2
"3931",2
"3932",3
"3933",3
"3934",3
"3935",4
"3936",3
"3937",4
"3938",4
"3939",2
"3940",1
"3941",2
"3942",4
"3943",4
"3944",4
"3945",2
"3946",2
"3947",1
"3948",1
"3949",1
"3950",1
"3951",2
"3952",2
"3953",3
"3954",4
"3955",2
"3956",4
"3957",2
"3958",4
"3959",4
"3960",1
"3961",3
"3962",4
"3963",4
"3964",2
"3965",1
"3966",2
"3967",2
"3968",2
"3969",1
"3970",4
"3971",4
"3972",1
"3973",3
"3974",4
"3975",1
"3976",1
"3977",4
"3978",3
"3979",1
"3980",3
"3981",1
"3982",4
"3983",3
"3984",4
"3985",4
"3986",2
"3987",3
"3988",2
"3989",2
"3990",3
"3991",4
"3992",3
"3993",2
"3994",2
"3995",4
"3996",2
"3997",1
"3998",2
"3999",2
"4000",4
"4001",1
"4002",3
"4003",3
"4004",3
"4005",4
"4006",2
"4007",4
"4008",1
"4009",4
"4010",2
"4011",1
"4012",2
"4013",1
"4014",2
"4015",2
"4016",3
"4017",1
"4018",4
"4019",3
"4020",1
"4021",3
"4022",4
"4023",1
"4024",4
"4025",2
"4026",1
"4027",3
"4028",2
"4029",1
"4030",3
"4031",2
"4032",1
"4033",1
"4034",4
"4035",2
"4036",1
"4037",4
"4038",1
"4039",2
"4040",2
"4041",1
"4042",4
"4043",3
"4044",3
"4045",2
"4046",2
"4047",3
"4048",4
"4049",3
"4050",1
"4051",1
"4052",1
"4053",3
"4054",3
"4055",3
"4056",4
"4057",2
"4058",4
"4059",3
"4060",4
"4061",4
"4062",3
"4063",1
"4064",4
"4065",1
"4066",4
"4067",3
"4068",4
"4069",2
"4070",1
"4071",3
"4072",3
"4073",3
"4074",1
"4075",4
"4076",1
"4077",3
"4078",3
"4079",4
"4080",1
"4081",2
"4082",1
"4083",2
"4084",2
"4085",2
"4086",2
"4087",4
"4088",1
"4089",2
"4090",1
"4091",1
"4092",4
"4093",2
"4094",2
"4095",2
"4096",3
"4097",2
"4098",3
"4099",1
"4100",2
"4101",4
"4102",2
"4103",4
"4104",1
"4105",1
"4106",3
"4107",4
"4108",3
"4109",2
"4110",4
"4111",1
"4112",2
"4113",1
"4114",1
"4115",2
"4116",2
"4117",1
"4118",3
"4119",3
"4120",3
"4121",1
"4122",4
"4123",3
"4124",3
"4125",1
"4126",3
"4127",2
"4128",1
"4129",1
"4130",2
"4131",4
"4132",3
"4133",3
"4134",3
"4135",3
"4136",1
"4137",1
"4138",3
"4139",1
"4140",4
"4141",2
"4142",1
"4143",2
"4144",3
"4145",3
"4146",2
"4147",3
"4148",3
"4149",4
"4150",1
"4151",1
"4152",1
"4153",1
"4154",1
"4155",2
"4156",4
"4157",1
"4158",3
"4159",1
"4160",3
"4161",3
"4162",1
"4163",3
"4164",2
"4165",1
"4166",1
"4167",1
"4168",3
"4169",1
"4170",4
"4171",3
"4172",1
"4173",2
"4174",2
"4175",4
"4176",1
"4177",1
"4178",4
"4179",4
"4180",3
"4181",3
"4182",4
"4183",2
"4184",2
"4185",3
"4186",2
"4187",1
"4188",3
"4189",4
"4190",1
"4191",1
"4192",1
"4193",1
"4194",3
"4195",4
"4196",1
"4197",4
"4198",2
"4199",3
"4200",4
"4201",4
"4202",1
"4203",2
"4204",1
"4205",3
"4206",4
"4207",1
"4208",3
"4209",1
"4210",4
"4211",1
"4212",1
"4213",3
"4214",1
"4215",4
"4216",1
"4217",3
"4218",3
"4219",2
"4220",1
"4221",1
"4222",3
"4223",2
"4224",1
"4225",1
"4226",3
"4227",2
"4228",4
"4229",4
"4230",4
"4231",3
"4232",3
"4233",3
"4234",2
"4235",2
"4236",3
"4237",4
"4238",1
"4239",4
"4240",3
"4241",3
"4242",4
"4243",3
"4244",2
"4245",4
"4246",3
"4247",1
"4248",2
"4249",2
"4250",2
"4251",4
"4252",1
"4253",4
"4254",4
"4255",3
"4256",3
"4257",3
"4258",3
"4259",4
"4260",3
"4261",4
"4262",3
"4263",4
"4264",1
"4265",2
"4266",2
"4267",4
"4268",1
"4269",2
"4270",2
"4271",2
"4272",3
"4273",2
"4274",4
"4275",3
"4276",4
"4277",1
"4278",3
"4279",3
"4280",3
"4281",4
"4282",4
"4283",1
"4284",3
"4285",3
"4286",4
"4287",2
"4288",2
"4289",2
"4290",4
"4291",4
"4292",3
"4293",3
"4294",2
"4295",1
"4296",1
"4297",1
"4298",2
"4299",4
"4300",3
"4301",2
"4302",2
"4303",4
"4304",2
"4305",2
"4306",1
"4307",3
"4308",1
"4309",4
"4310",3
"4311",4
"4312",3
"4313",4
"4314",1
"4315",2
"4316",3
"4317",4
"4318",4
"4319",2
"4320",3
"4321",4
"4322",1
"4323",3
"4324",2
"4325",1
"4326",2
"4327",3
"4328",2
"4329",4
"4330",1
"4331",1
"4332",1
"4333",1
"4334",3
"4335",2
"4336",2
"4337",3
"4338",3
"4339",4
"4340",3
"4341",1
"4342",1
"4343",3
"4344",1
"4345",4
"4346",2
"4347",1
"4348",2
"4349",3
"4350",1
"4351",3
"4352",1
"4353",3
"4354",4
"4355",2
"4356",1
"4357",3
"4358",3
"4359",2
"4360",2
"4361",2
"4362",3
"4363",3
"4364",1
"4365",4
"4366",4
"4367",3
"4368",3
"4369",3
"4370",4
"4371",4
"4372",1
"4373",3
"4374",2
"4375",4
"4376",4
"4377",4
"4378",1
"4379",1
"4380",3
"4381",4
"4382",3
"4383",3
"4384",1
"4385",1
"4386",4
"4387",4
"4388",4
"4389",1
"4390",3
"4391",1
"4392",2
"4393",3
"4394",4
"4395",2
"4396",1
"4397",2
"4398",4
"4399",1
"4400",3
"4401",4
"4402",3
"4403",1
"4404",2
"4405",3
"4406",2
"4407",3
"4408",2
"4409",1
"4410",4
"4411",2
"4412",3
"4413",1
"4414",4
"4415",2
"4416",3
"4417",3
"4418",3
"4419",3
"4420",2
"4421",2
"4422",1
"4423",2
"4424",3
"4425",4
"4426",4
"4427",3
"4428",3
"4429",4
"4430",2
"4431",3
"4432",2
"4433",1
"4434",2
"4435",3
"4436",1
"4437",1
"4438",2
"4439",4
"4440",2
"4441",1
"4442",3
"4443",1
"4444",3
"4445",2
"4446",2
"4447",1
"4448",1
"4449",1
"4450",2
"4451",3
"4452",3
"4453",4
"4454",3
"4455",2
"4456",3
"4457",2
"4458",2
"4459",3
"4460",3
"4461",2
"4462",1
"4463",2
"4464",4
"4465",2
"4466",1
"4467",1
"4468",1
"4469",4
"4470",2
"4471",2
"4472",4
"4473",1
"4474",4
"4475",4
"4476",4
"4477",1
"4478",3
"4479",4
"4480",4
"4481",4
"4482",1
"4483",4
"4484",3
"4485",4
"4486",4
"4487",1
"4488",4
"4489",4
"4490",1
"4491",2
"4492",1
"4493",4
"4494",4
"4495",3
"4496",3
"4497",2
"4498",2
"4499",2
"4500",3
"4501",1
"4502",3
"4503",1
"4504",4
"4505",2
"4506",1
"4507",4
"4508",3
"4509",3
"4510",2
"4511",2
"4512",1
"4513",3
"4514",4
"4515",2
"4516",3
"4517",3
"4518",1
"4519",4
"4520",3
"4521",2
"4522",2
"4523",2
"4524",4
"4525",4
"4526",3
"4527",2
"4528",3
"4529",4
"4530",1
"4531",1
"4532",2
"4533",4
"4534",3
"4535",2
"4536",3
"4537",3
"4538",4
"4539",1
"4540",2
"4541",2
"4542",4
"4543",2
"4544",3
"4545",4
"4546",4
"4547",3
"4548",1
"4549",3
"4550",3
"4551",1
"4552",1
"4553",1
"4554",1
"4555",1
"4556",3
"4557",3
"4558",3
"4559",2
"4560",3
"4561",4
"4562",4
"4563",3
"4564",2
"4565",1
"4566",4
"4567",1
"4568",3
"4569",4
"4570",1
"4571",1
"4572",1
"4573",4
"4574",4
"4575",4
"4576",2
"4577",2
"4578",2
"4579",1
"4580",4
"4581",2
"4582",3
"4583",3
"4584",4
"4585",1
"4586",3
"4587",4
"4588",2
"4589",4
"4590",1
"4591",1
"4592",4
"4593",3
"4594",3
"4595",3
"4596",3
"4597",3
"4598",3
"4599",4
"4600",4
"4601",4
"4602",3
"4603",3
"4604",4
"4605",1
"4606",1
"4607",2
"4608",3
"4609",3
"4610",2
"4611",1
"4612",1
"4613",3
"4614",3
"4615",3
"4616",4
"4617",4
"4618",3
"4619",3
"4620",3
"4621",2
"4622",2
"4623",3
"4624",4
"4625",1
"4626",2
"4627",1
"4628",3
"4629",2
"4630",4
"4631",1
"4632",3
"4633",4
"4634",3
"4635",3
"4636",1
"4637",2
"4638",3
"4639",4
"4640",2
"4641",3
"4642",2
"4643",1
"4644",2
"4645",4
"4646",2
"4647",3
"4648",1
"4649",4
"4650",3
"4651",2
"4652",3
"4653",1
"4654",3
"4655",3
"4656",1
"4657",4
"4658",1
"4659",2
"4660",4
"4661",3
"4662",3
"4663",3
"4664",1
"4665",4
"4666",2
"4667",4
"4668",4
"4669",1
"4670",3
"4671",1
"4672",4
"4673",2
"4674",1
"4675",1
"4676",4
"4677",4
"4678",3
"4679",3
"4680",4
"4681",3
"4682",1
"4683",1
"4684",4
"4685",4
"4686",4
"4687",2
"4688",4
"4689",2
"4690",2
"4691",2
"4692",1
"4693",1
"4694",3
"4695",1
"4696",2
"4697",1
"4698",4
"4699",3
"4700",1
"4701",3
"4702",3
"4703",2
"4704",2
"4705",1
"4706",1
"4707",1
"4708",3
"4709",2
"4710",2
"4711",4
"4712",1
"4713",1
"4714",3
"4715",2
"4716",2
"4717",3
"4718",4
"4719",3
"4720",3
"4721",2
"4722",3
"4723",4
"4724",1
"4725",1
"4726",2
"4727",3
"4728",3
"4729",2
"4730",1
"4731",2
"4732",3
"4733",1
"4734",3
"4735",1
"4736",3
"4737",3
"4738",2
"4739",3
"4740",3
"4741",4
"4742",2
"4743",4
"4744",4
"4745",4
"4746",1
"4747",1
"4748",2
"4749",3
"4750",3
"4751",1
"4752",4
"4753",3
"4754",2
"4755",1
"4756",2
"4757",2
"4758",2
"4759",3
"4760",3
"4761",1
"4762",1
"4763",4
"4764",4
"4765",4
"4766",4
"4767",3
"4768",1
"4769",2
"4770",4
"4771",1
"4772",3
"4773",4
"4774",3
"4775",1
"4776",1
"4777",3
"4778",4
"4779",2
"4780",1
"4781",1
"4782",3
"4783",3
"4784",4
"4785",4
"4786",2
"4787",1
"4788",1
"4789",4
"4790",3
"4791",4
"4792",4
"4793",2
"4794",4
"4795",4
"4796",3
"4797",2
"4798",4
"4799",1
"4800",1
"4801",4
"4802",1
"4803",2
"4804",4
"4805",1
"4806",1
"4807",1
"4808",3
"4809",3
"4810",2
"4811",3
"4812",1
"4813",1
"4814",1
"4815",4
"4816",3
"4817",2
"4818",1
"4819",1
"4820",1
"4821",3
"4822",1
"4823",4
"4824",4
"4825",4
"4826",1
"4827",3
"4828",1
"4829",1
"4830",1
"4831",3
"4832",2
"4833",2
"4834",4
"4835",2
"4836",1
"4837",4
"4838",2
"4839",3
"4840",3
"4841",2
"4842",1
"4843",4
"4844",3
"4845",3
"4846",2
"4847",1
"4848",4
"4849",2
"4850",4
"4851",1
"4852",4
"4853",3
"4854",1
"4855",1
"4856",3
"4857",2
"4858",3
"4859",1
"4860",2
"4861",3
"4862",3
"4863",2
"4864",4
"4865",1
"4866",4
"4867",3
"4868",2
"4869",4
"4870",2
"4871",3
"4872",2
"4873",2
"4874",1
"4875",1
"4876",3
"4877",2
"4878",3
"4879",2
"4880",3
"4881",3
"4882",3
"4883",4
"4884",4
"4885",2
"4886",4
"4887",3
"4888",3
"4889",1
"4890",3
"4891",2
"4892",1
"4893",3
"4894",2
"4895",4
"4896",4
"4897",2
"4898",3
